{"terms-opendata.city.sagamihara.kanagawa.jp.json":1733065650.99487,"terms-data.city.ikoma.lg.jp.json":1733064861.23444,"terms-www.gsj.jp.json":1733065666.15463,"terms-data.city.yokohama.lg.jp.json":1733064856.64949,"terms-www.jma.go.jp.json":1733064878.90059,"terms-portal-data.city.kanazawa.ishikawa.jp.json":1733065668.84224,"terms-opendata.pref.kanagawa.jp.json":1733065694.08375,"terms-opendata-api-kakogawa.jp.json":1733064870.66614,"terms-data.pf-sapporo.jp.json":1733065698.32583,"terms-city.himeji.gkan.jp.json":1733065701.94958,"terms-opendata.pref.akita.lg.jp.json":1733065646.51898,"terms-data.yafjp.org.json":1733065678.89783,"terms-data.city.tendo.yamagata.jp.json":1733065655.86708,"terms-opendata.town.aichi-higashiura.lg.jp.json":1733064850.42525}