{"terms-www.jma.go.jp.json":1733063956.54112,"terms-data.city.yokohama.lg.jp.json":1733063938.08429,"terms-opendata-api-kakogawa.jp.json":1733063949.23943,"terms-portal-data.city.kanazawa.ishikawa.jp.json":1733063981.80426,"terms-opendata.town.aichi-higashiura.lg.jp.json":1733063932.61907,"terms-data.pf-sapporo.jp.json":1733063924.48321,"terms-data.yafjp.org.json":1733063571.79953,"terms-city.himeji.gkan.jp.json":1733063928.55686,"terms-opendata.pref.kanagawa.jp.json":1733063579.95391,"terms-opendata.pref.akita.lg.jp.json":1733063960.96541,"terms-opendata.city.sagamihara.kanagawa.jp.json":1733063965.12977,"terms-data.city.tendo.yamagata.jp.json":1733063969.51578,"terms-data.city.ikoma.lg.jp.json":1733063942.35356,"terms-www.gsj.jp.json":1733063979.07623}