{"terms-www.gsj.jp.json":1733063561.13071,"terms-data.city.tendo.yamagata.jp.json":1733063551.57284,"terms-opendata.pref.akita.lg.jp.json":1733063543.27423,"terms-city.himeji.gkan.jp.json":1733061650.11794,"terms-data.yafjp.org.json":1733063571.79953,"terms-opendata.pref.kanagawa.jp.json":1733063579.95391,"terms-data.city.yokohama.lg.jp.json":1733061660.14442,"terms-opendata-api-kakogawa.jp.json":1733063528.22903,"terms-opendata.town.aichi-higashiura.lg.jp.json":1733061653.88646,"terms-portal-data.city.kanazawa.ishikawa.jp.json":1733063563.84049,"terms-data.pf-sapporo.jp.json":1733061646.41765,"terms-www.jma.go.jp.json":1733063538.96379,"terms-data.city.ikoma.lg.jp.json":1733061665.56415,"terms-opendata.city.sagamihara.kanagawa.jp.json":1733063547.28841}