{"terms-opendata.town.aichi-higashiura.lg.jp.json":1733061653.88646,"terms-data.city.ikoma.lg.jp.json":1733061665.56415,"terms-data.city.yokohama.lg.jp.json":1733061660.14442,"terms-www.gsj.jp.json":1733061146.91347,"terms-data.pf-sapporo.jp.json":1733061646.41765,"terms-data.yafjp.org.json":1733061626.05691,"terms-www.jma.go.jp.json":1733061123.26348,"terms-data.city.tendo.yamagata.jp.json":1733061136.79542,"terms-opendata.city.sagamihara.kanagawa.jp.json":1733061132.20724,"terms-portal-data.city.kanazawa.ishikawa.jp.json":1733061615.91905,"terms-opendata.pref.kanagawa.jp.json":1733061642.12511,"terms-opendata-api-kakogawa.jp.json":1733061115.75986,"terms-opendata.pref.akita.lg.jp.json":1733061127.89867,"terms-city.himeji.gkan.jp.json":1733061650.11794}