{"terms-data.city.ikoma.lg.jp.json":1733064861.23444,"terms-data.pf-sapporo.jp.json":1733064842.80143,"terms-city.himeji.gkan.jp.json":1733064846.49687,"terms-data.yafjp.org.json":1733064822.96411,"terms-data.city.yokohama.lg.jp.json":1733064856.64949,"terms-opendata.city.sagamihara.kanagawa.jp.json":1733063965.12977,"terms-opendata.town.aichi-higashiura.lg.jp.json":1733064850.42525,"terms-opendata.pref.akita.lg.jp.json":1733063960.96541,"terms-portal-data.city.kanazawa.ishikawa.jp.json":1733063981.80426,"terms-www.jma.go.jp.json":1733064878.90059,"terms-opendata.pref.kanagawa.jp.json":1733064838.58749,"terms-www.gsj.jp.json":1733063979.07623,"terms-data.city.tendo.yamagata.jp.json":1733063969.51578,"terms-opendata-api-kakogawa.jp.json":1733064870.66614}