{"terms-opendata-api-kakogawa.jp.json":1733058983.78035,"terms-www.gsj.jp.json":1733059014.94382,"terms-opendata.pref.akita.lg.jp.json":1733058999.48874,"terms-opendata.city.sagamihara.kanagawa.jp.json":1733059003.67396,"terms-data.city.tendo.yamagata.jp.json":1733059008.14496,"terms-portal-data.city.kanazawa.ishikawa.jp.json":1733059017.63718,"terms-www.jma.go.jp.json":1733058991.52664,"terms-opendata.pref.kanagawa.jp.json":1733059036.38233,"terms-data.yafjp.org.json":1733059027.61776}