{"1586305608":1733059883.71614,"1487917070":1733059849.69376}