{"terms-city.himeji.gkan.jp.json":1733553048.41659,"terms-www.gsj.jp.json":1733552995.26893,"terms-data.city.yokohama.lg.jp.json":1733553020.7435,"terms-opendata-api-kakogawa.jp.json":1733553052.07126,"terms-portal-data.city.kanazawa.ishikawa.jp.json":1733553025.56339,"terms-www.jma.go.jp.json":1733553004.52637,"terms-data.city.tendo.yamagata.jp.json":1733552997.92132,"terms-data.pf-sapporo.jp.json":1733553009.03008,"terms-opendata.town.aichi-higashiura.lg.jp.json":1733553064.14283,"terms-data.city.ikoma.lg.jp.json":1733552975.64815,"terms-data.yafjp.org.json":1733553034.83955,"terms-opendata.city.sagamihara.kanagawa.jp.json":1733553059.55333,"terms-opendata.pref.akita.lg.jp.json":1733553044.30524,"terms-opendata.pref.kanagawa.jp.json":1733553012.78022,"terms-catalog.registries.digital.go.jp.json":1733553017.00235}