{"eg000041":1733554825.09693,"eg000014":1733652725.25063,"ba-o1-132063_g2-000006":1733554171.90845,"ba-o1-422011_g2-000008":1733554131.06885,"ba-o1-402265_g2-000009":1733554097.83109,"eg000017":1733741844.62917,"eg000002":1733642543.76881,"eg000051":1733652702.11747,"eg000018":1733554879.10647,"ba-o1-142131_g2-000003":1733554138.61735,"ba-o1-402052_g2-000003":1733554076.45632,"eg000045":1733652690.83456,"eg000016":1733642601.96298,"ba-o1-042081_g2-000010":1733554145.51117,"ba-o1-141364_g2-000009":1733554165.51655,"ba-o1-082325_g2-000010":1733554178.14791,"ba-o1-422126_g2-000006":1733554198.18606,"eg000010":1733642578.6166,"ba-o1-112186_g2-000005":1733554204.5951,"im000001":1733642444.54114,"eg000030":1733642590.15827,"eg000028":1733642516.71253,"eg000005":1733652677.89388,"ba-o1-434825_g2-000006":1733554185.25272,"ba-o1-082040_g2-000011":1733554123.83632,"ba-o1-203033_g2-000003":1733554231.23842,"eg000024":1733642614.13035,"eg000036":1733554863.7566,"eg000003":1733652768.82814,"ba-o1-382027_g2-000009":1733554159.33771,"eg000020":1733642504.76392,"eg000009":1733652713.77154,"eg000001":1733554922.15177,"eg000038":1733642555.57705,"cn000001":1733652781.109,"ba-o1-473758_g2-000010":1733554084.78677,"eg000034":1733554812.84445,"eg000042":1733652666.31847,"eg000026":1733554839.98043,"eg000012":1733554891.31302,"ba-o1-121053_g2-000009":1733554111.32146,"eg000008":1733554063.45973,"ba-o1-353051_g2-000009":1733554191.81944,"eg000025":1733642529.19791,"eg000007":1733554851.81041,"eg000029":1733652755.88037,"ba-o1-243434_g2-000003":1733554104.53782,"eg000035":1733642468.62642,"ba-o1-205834_g2-000009":1733554117.4533,"ba-o1-042099_g2-000006":1733554224.6579,"eg000033":1733741834.03812,"ba-o1-261076_g2-000006":1733554211.18862,"eg000022":1733642480.7156,"ba-o1-041017_g2-000004":1733554152.79142,"eg000046":1733642492.59218,"ba-o1-372072_g2-000009":1733554218.2453,"eg000019":1733652745.37428,"ba-o1-261025_g2-000006":1733554091.36025,"ed000030":1733737718.44233,"eg000044":1733642565.71003,"eg000047":1733554905.22407}