{"terms-opendata.town.aichi-higashiura.lg.jp.json":1733061097.28095,"terms-data.pf-sapporo.jp.json":1733061088.9131,"terms-opendata.pref.kanagawa.jp.json":1733059036.38233,"terms-www.gsj.jp.json":1733061146.91347,"terms-opendata.city.sagamihara.kanagawa.jp.json":1733061132.20724,"terms-opendata-api-kakogawa.jp.json":1733061115.75986,"terms-data.city.yokohama.lg.jp.json":1733061103.50305,"terms-city.himeji.gkan.jp.json":1733061092.58605,"terms-www.jma.go.jp.json":1733061123.26348,"terms-data.city.tendo.yamagata.jp.json":1733061136.79542,"terms-opendata.pref.akita.lg.jp.json":1733061127.89867,"terms-portal-data.city.kanazawa.ishikawa.jp.json":1733059017.63718,"terms-data.city.ikoma.lg.jp.json":1733061108.20231,"terms-data.yafjp.org.json":1733059027.61776}