{"ba-o1-243434_g2-000003":1733554104.53782,"ba-o1-402052_g2-000003":1733554076.45632,"ba-o1-261076_g2-000006":1733554211.18862,"ba-o1-261025_g2-000006":1733554091.36025,"ba-o1-141364_g2-000009":1733554165.51655,"ba-o1-422126_g2-000006":1733554198.18606,"ba-o1-473758_g2-000010":1733554084.78677,"ba-o1-142131_g2-000003":1733554138.61735,"ba-o1-353051_g2-000009":1733554191.81944,"ba-o1-132063_g2-000006":1733554171.90845,"ba-o1-082325_g2-000010":1733554178.14791,"ba-o1-434825_g2-000006":1733554185.25272,"ba-o1-205834_g2-000009":1733554117.4533,"ba-o1-112186_g2-000005":1733554204.5951,"ba-o1-372072_g2-000009":1733554218.2453,"ba-o1-121053_g2-000009":1733554111.32146,"ba-o1-042099_g2-000006":1733554224.6579,"ba-o1-042081_g2-000010":1733554145.51117,"ba-o1-422011_g2-000008":1733554131.06885,"ba-o1-382027_g2-000009":1733554159.33771,"ba-o1-041017_g2-000004":1733554152.79142,"ba-o1-082040_g2-000011":1733554123.83632,"ba-o1-203033_g2-000003":1733554231.23842,"eg000008":1733554063.45973,"ba-o1-402265_g2-000009":1733554097.83109}